transactionId,visitorId,date,revenue,group
3667963787,3312258926,2019-08-15,30.4,B
2804400009,3642806036,2019-08-15,15.2,B
2961555356,4069496402,2019-08-15,10.2,A
3797467345,1196621759,2019-08-15,155.1,B
2282983706,2322279887,2019-08-15,40.5,B
182168103,935554773,2019-08-15,35.0,B
398296753,2900797465,2019-08-15,30.6,B
2626614568,78758296,2019-08-15,20.1,A
1576988021,295230930,2019-08-15,215.9,A
1506739906,1882260405,2019-08-15,30.5,B
3649131742,879864040,2019-08-15,65.7,A
1919444843,927791387,2019-08-15,70.2,B
2809384911,3213223594,2019-08-15,115.4,A
3044797713,728063420,2019-08-15,185.4,B
3859315276,1565034404,2019-08-15,170.9,A
2550768810,2742574263,2019-08-15,235.0,B
1820531107,2973109265,2019-08-15,20.3,B
1108180333,222718357,2019-08-15,20.2,B
1822256754,4227830084,2019-08-15,255.7,A
674584210,3207734412,2019-08-15,20.3,A
2904772834,963407295,2019-08-15,5.6,B
1240630928,1379151787,2019-08-15,20.2,B
235474681,1638583360,2019-08-15,10.7,B
4252514150,351125977,2019-08-15,235.6,B
1162046357,3234906277,2019-08-15,120.2,B
324018163,87885904,2019-08-15,5.6,A
2223239646,199603092,2019-08-15,55.7,A
1630050528,237748145,2019-08-15,120.2,B
2632372083,3591136796,2019-08-15,85.2,B
2220299125,3803269165,2019-08-15,15.8,A
1678838030,4027395615,2019-08-15,5.9,B
2552245563,3024988998,2019-08-15,10.9,B
3666913472,2038680547,2019-08-15,30.8,B
486237576,2378935119,2019-08-15,30.4,A
2153010762,834683205,2019-08-15,355.5,A
2258664213,258610743,2019-08-15,40.2,B
2165344951,2805132315,2019-08-15,40.0,B
3601774485,2231389472,2019-08-15,100.2,B
3276214732,1110007955,2019-08-15,300.3,B
1950404403,114507418,2019-08-15,10.4,B
733587530,2552584164,2019-08-15,50.9,B
2594268419,237748145,2019-08-15,20.8,A
459882198,1494664757,2019-08-15,145.9,B
2960804513,544632063,2019-08-15,40.2,B
376170286,1294108251,2019-08-15,50.2,A
837819976,1471496742,2019-08-16,35.9,A
3298573369,2735494018,2019-08-16,60.2,A
352861950,930356060,2019-08-16,110.5,B
133616433,1215602524,2019-08-16,20.2,B
937773181,3251102545,2019-08-16,55.7,A
2236784294,1690383497,2019-08-16,50.7,B
794298435,2914239125,2019-08-16,280.5,B
854249928,2570444314,2019-08-16,10.2,B
1545571412,2978730290,2019-08-16,10.2,A
4159234359,3660046170,2019-08-16,5.5,A
1144701458,1143609305,2019-08-01,45.3,A
900025958,5114589,2019-08-16,10.8,B
1218444584,2951649436,2019-08-16,50.8,A
2145193898,1221478247,2019-08-16,25.2,B
2787983461,2115666868,2019-08-16,125.9,B
1421016313,4256040402,2019-08-16,875.5,B
1251767592,2712142231,2019-08-16,15.2,B
1286673508,567175747,2019-08-16,10.2,B
4049927765,343208965,2019-08-16,25.8,A
231209528,2517115269,2019-08-16,40.1,B
2321477056,2868887864,2019-08-16,30.3,B
4919758,1217561296,2019-08-01,40.2,B
459227648,2578486380,2019-08-16,40.1,B
1211699332,3427397479,2019-08-16,225.8,B
890243194,3055165772,2019-08-16,300.3,A
3574407166,2328378067,2019-08-01,140.4,B
3679129301,8300375,2019-08-01,165.7,B
477940151,1422773200,2019-08-01,15.8,A
1295850747,2947100995,2019-08-01,455.8,A
3721196264,249864742,2019-08-16,15.0,B
3710046263,3290315626,2019-08-16,15.7,A
1110904493,2587526707,2019-08-16,70.7,A
2619374735,787824685,2019-08-16,500.7,A
773663763,3288820196,2019-08-16,630.8,B
3020845020,4099262874,2019-08-16,40.3,A
2513016443,1110543778,2019-08-16,35.0,A
2206140518,3499733621,2019-08-16,85.1,B
1246801103,2096506107,2019-08-16,80.5,B
2208648828,3283584911,2019-08-16,65.8,A
1440965500,3289144202,2019-08-16,15.6,A
1701653566,276558944,2019-08-22,190.0,B
4130553949,3736064128,2019-08-22,20.8,A
2304731149,2295217812,2019-08-22,10.9,B
3888787202,1253370069,2019-08-22,5.9,B
3525980424,3379260072,2019-08-22,35.5,B
2010908098,1035424004,2019-08-22,25.9,B
3176574859,2742574263,2019-08-22,275.9,B
1238204141,3595021912,2019-08-22,30.8,B
737104568,943674707,2019-08-22,410.5,B
252633006,457167155,2019-08-22,95.8,B
372616894,457167155,2019-08-22,20.2,B
1170105516,2706377257,2019-08-01,140.8,A
2012801741,414545763,2019-08-01,90.5,B
1962247337,2706377257,2019-08-01,110.7,A
2951489300,926057494,2019-08-01,5.6,A
804934578,1738775963,2019-08-01,50.8,B
3847160695,1830791924,2019-08-01,40.2,A
3328372908,381340408,2019-08-01,50.1,A
2951399376,2019355024,2019-08-01,40.2,B
627804981,611059232,2019-08-01,275.8,A
297844270,3735525502,2019-08-16,15.1,B
3152444021,1460891116,2019-08-16,85.5,A
1524568202,1722579998,2019-08-16,130.1,A
290974848,3379886002,2019-08-16,95.3,A
2411689164,2019205281,2019-08-01,80.2,B
3749160238,1700445283,2019-08-01,110.5,B
2736731761,3062433592,2019-08-01,225.9,B
1638982251,3062433592,2019-08-01,135.3,B
2663968367,821846484,2019-08-01,30.1,A
1120327437,4256040402,2019-08-01,90.2,A
3486821141,1225835168,2019-08-01,5.6,B
1618076407,2743474511,2019-08-22,100.8,A
722060263,2038680547,2019-08-22,15.7,A
4233533907,2378935119,2019-08-22,55.2,A
3769777863,2038023866,2019-08-22,70.9,B
1599526656,2273809679,2019-08-22,70.9,B
1457780928,1430210707,2019-08-22,20.5,A
3024349788,3213691396,2019-08-22,190.8,A
3268937183,3722682546,2019-08-22,25.3,A
2923696601,749770631,2019-08-17,70.9,A
2232016803,428219747,2019-08-17,125.9,B
595789313,2663148288,2019-08-17,80.4,B
3437333253,162423694,2019-08-17,145.6,B
965802885,916720205,2019-08-22,100.1,B
1665445278,1738359350,2019-08-22,50.2,A
3650380616,4258103007,2019-08-22,95.5,B
3163614039,2254586615,2019-08-22,830.3,A
665271848,3873846164,2019-08-22,110.5,B
3060563671,2458001652,2019-08-22,80.8,A
62794304,199603092,2019-08-22,110.3,A
3394915331,1354599463,2019-08-01,120.3,B
1578920557,680119828,2019-08-01,10.6,B
1798931686,1211585711,2019-08-01,440.3,A
1403947326,1075551409,2019-08-01,10.0,B
4141167864,2716752286,2019-08-01,125.9,B
2774185760,975516572,2019-08-01,20.3,B
602399015,3967698036,2019-08-01,5.6,A
854120002,544963298,2019-08-01,25.9,B
3433533137,678354126,2019-08-01,100.4,A
365058890,611059232,2019-08-01,45.3,A
735232225,611059232,2019-08-01,140.4,A
3650534576,134926050,2019-08-01,50.0,B
52260954,3967698036,2019-08-01,20.2,A
4238948438,363280180,2019-08-01,5.6,B
2368313386,3362039251,2019-08-17,150.4,B
1648861120,104602633,2019-08-17,45.9,B
1728664132,1596819047,2019-08-01,10.6,B
3227521980,3938001975,2019-08-01,155.5,B
4045393544,991436984,2019-08-01,30.5,A
4206138190,1219079053,2019-08-01,80.5,A
891673177,572335325,2019-08-01,60.8,A
2531740433,3131127734,2019-08-22,125.5,B
290380159,732900740,2019-08-22,10.2,A
1102655019,1826088570,2019-08-22,185.5,B
1170827001,3891541246,2019-08-22,20.2,A
1941376795,4012829377,2019-08-22,295.8,B
1233480079,2874956069,2019-08-17,100.8,A
2634363174,2892265953,2019-08-17,35.6,A
1071437802,2892265953,2019-08-17,10.0,A
3937772364,78678012,2019-08-17,25.2,B
565328425,309675944,2019-08-17,110.5,B
2830055340,2303470071,2019-08-22,10.7,A
1556785718,2583793022,2019-08-23,20.0,A
2065527789,1581167209,2019-08-01,30.4,A
3588515863,1737494355,2019-08-01,30.8,A
617930325,2785040378,2019-08-01,55.8,A
2153842875,876081193,2019-08-01,55.4,A
86411600,2096506107,2019-08-17,85.3,B
1192036073,2953427180,2019-08-02,590.1,B
2089115464,2366521417,2019-08-02,45.1,B
1223645875,3123255051,2019-08-02,50.8,A
1791477067,3261022559,2019-08-02,20.3,B
790091309,1387624577,2019-08-17,45.3,B
2267826875,1070130208,2019-08-17,50.4,A
1784270968,2378935119,2019-08-17,5.8,A
1934197258,1148665946,2019-08-23,35.2,A
1532499979,2617784228,2019-08-23,55.4,B
3221239900,522292794,2019-08-23,15.0,B
2234615357,1741803981,2019-08-23,90.3,B
1367815478,138252163,2019-08-23,75.5,A
716439623,1129369369,2019-08-23,30.3,A
3306480450,206724078,2019-08-17,55.7,B
2048878902,4256040402,2019-08-17,25.8,A
3634771255,2668501323,2019-08-17,280.8,A
4189935502,1648269707,2019-08-17,5.5,B
1876585139,2871453277,2019-08-02,110.8,A
2361024027,3967698036,2019-08-02,30.0,A
2815409412,2125253600,2019-08-02,15.7,A
1335758960,518847692,2019-08-02,85.6,B
3959068944,2517777104,2019-08-02,175.0,B
2872509092,983496389,2019-08-02,5.5,A
1216926230,1500448895,2019-08-02,45.7,A
2632798290,2716752286,2019-08-02,35.2,A
2206098194,2880866577,2019-08-02,30.0,A
1206085843,622980798,2019-08-23,35.7,A
2066718132,3656415546,2019-08-23,45.8,A
1826741120,471842048,2019-08-23,30.7,B
532398042,1306302251,2019-08-23,25.0,A
3630998268,1967724198,2019-08-17,155.5,B
1935539409,3836897869,2019-08-17,105.1,B
1993640374,835561402,2019-08-02,10.7,B
3390093829,3199637546,2019-08-02,45.6,A
1780029109,2785527055,2019-08-02,75.6,B
573486797,3118156181,2019-08-02,475.5,B
873230871,236764260,2019-08-02,90.8,A
1803127824,2830871062,2019-08-02,5.5,B
1892362671,1643342931,2019-08-02,40.2,B
1764119908,3332057097,2019-08-02,45.4,B
394880746,3332057097,2019-08-02,45.3,B
3485678199,2232111114,2019-08-02,270.0,A
2822064496,3294452564,2019-08-02,220.8,B
3084571653,1501480579,2019-08-02,65.4,B
2503419221,3429232516,2019-08-02,30.8,B
918752036,3704174715,2019-08-02,35.0,B
2139320439,2686716486,2019-08-23,170.6,A
2674236505,2476105225,2019-08-23,40.2,B
1731035177,2771749575,2019-08-23,20.5,A
175363373,2067508917,2019-08-23,25.2,A
408545316,2153871238,2019-08-23,40.3,A
2024820467,1692957755,2019-08-23,25.2,B
2931845376,2954449915,2019-08-17,170.0,A
2374285072,4033511429,2019-08-17,145.2,B
4267573899,2038680547,2019-08-17,55.4,A
691299586,392419518,2019-08-18,50.5,B
4139571321,737242975,2019-08-18,245.8,A
3124204494,2927087541,2019-08-23,425.8,A
4129423775,71018815,2019-08-23,240.2,B
2883105032,3086835579,2019-08-23,45.7,A
797272237,11685486,2019-08-23,100.4,A
699854005,3391919803,2019-08-23,40.7,B
395889669,2873491771,2019-08-23,10.2,B
3422531330,2230225652,2019-08-23,15.2,B
2305128914,4134011281,2019-08-23,95.6,A
460968028,3508047169,2019-08-18,50.2,B
3083858710,3469608676,2019-08-02,165.9,A
2086338800,3028866828,2019-08-02,5.7,A
1164811175,3524303171,2019-08-02,40.2,B
1242996928,642826102,2019-08-02,200.1,B
862558739,248503091,2019-08-02,155.0,A
3453819322,3778207363,2019-08-02,15.2,A
2324389790,184835319,2019-08-02,20.3,A
437656952,199603092,2019-08-02,55.7,B
3231452720,2232111114,2019-08-02,240.2,A
1598128055,238992583,2019-08-18,15.6,A
1360774578,3234906277,2019-08-18,120.2,A
3742152357,3950493862,2019-08-18,40.0,A
2765625299,1967247027,2019-08-18,50.1,B
473864496,3803269165,2019-08-23,40.3,B
1610091760,4256040402,2019-08-23,265.8,A
1545495643,2686716486,2019-08-23,530.3,B
3279337891,1687231984,2019-08-23,10.7,A
2370268995,457167155,2019-08-23,25.9,A
225225498,2308309101,2019-08-23,220.6,A
2117234618,4002369227,2019-08-23,30.5,A
2035013473,895233158,2019-08-23,10.8,A
364342391,2849720983,2019-08-02,40.2,B
1284843140,3386452937,2019-08-02,130.8,A
1166775572,3265039507,2019-08-02,5.3,A
2575861846,4256040402,2019-08-18,170.8,B
3795138501,887812064,2019-08-18,5.6,A
3743515850,2579882178,2019-08-18,30.6,A
2012012971,1516351054,2019-08-18,225.5,B
131747281,2579882178,2019-08-18,305.6,B
3897826085,3927376365,2019-08-18,165.8,B
1067267410,3957174400,2019-08-18,40.2,A
1731627062,1100237501,2019-08-18,5.5,B
1312693562,2522140192,2019-08-23,40.2,A
298049028,4157461730,2019-08-23,30.2,B
1769257333,2278620397,2019-08-23,525.6,B
3404861334,467022501,2019-08-23,20.9,A
26423654,1229866403,2019-08-23,30.8,A
1634965106,281523083,2019-08-23,40.2,A
3017343075,1261629107,2019-08-02,75.0,B
412824526,1455861274,2019-08-02,200.1,B
1101659272,1648269707,2019-08-18,15.2,A
3984783002,1178217086,2019-08-18,55.6,A
2330926120,1935367901,2019-08-18,20.4,A
3592105335,3279802827,2019-08-18,35.6,A
3641100475,1579036099,2019-08-18,20.9,B
180749850,2801638130,2019-08-18,20.2,A
934232801,3309365614,2019-08-23,110.0,B
3508803238,3117119809,2019-08-24,300.3,A
587872075,2254456485,2019-08-24,830.3,A
3140010296,3647934575,2019-08-02,35.6,B
1651482177,2147998719,2019-08-02,35.0,A
218467446,650280576,2019-08-02,10.6,B
2315635631,2606208134,2019-08-03,70.1,A
3413449258,387170777,2019-08-03,195.3,A
2211112339,982374313,2019-08-18,10.5,A
3709669952,3295038680,2019-08-18,370.4,A
3046161180,4142693015,2019-08-18,100.7,A
143829018,3054940424,2019-08-25,10.5,B
520097477,2988190573,2019-08-25,340.1,A
161113724,3463388890,2019-08-24,50.4,B
800632297,4062713576,2019-08-24,30.1,B
630178370,2845785181,2019-08-18,40.0,A
2070211595,3294921142,2019-08-03,90.5,A
887219389,3170813781,2019-08-24,120.2,B
3190958060,1850778479,2019-08-25,10.0,A
609915801,2780786433,2019-08-28,20.5,A
3227505145,2128962954,2019-08-28,20.3,B
1275337321,3043080596,2019-08-28,35.6,A
1404959653,3896738923,2019-08-18,5.2,A
2669609377,3511496907,2019-08-19,30.2,A
2727336513,2629148010,2019-08-19,45.4,A
3532704780,3984495233,2019-08-03,315.1,B
3567356314,3077396270,2019-08-24,65.5,B
3524589317,2986402114,2019-08-24,20.2,B
1136317551,2416662824,2019-08-24,10.5,A
738849391,3161387566,2019-08-24,15.8,A
1939633950,157579733,2019-08-19,40.8,B
4226817726,1349865791,2019-08-19,40.3,A
486115048,2358787737,2019-08-19,40.9,A
3412626998,3282099314,2019-08-19,185.4,A
2414788465,2247745159,2019-08-19,25.1,B
1652782757,2763027084,2019-08-19,25.5,B
1775445570,3118528100,2019-08-19,20.8,A
3154167297,2091902649,2019-08-19,5.8,B
3800875660,3455264956,2019-08-28,35.6,B
1823195189,1918801743,2019-08-28,100.3,B
4276811111,818047933,2019-08-28,55.2,A
4185696070,235366767,2019-08-28,15.0,A
3909269888,1668030113,2019-08-28,80.0,B
3263878605,3340403042,2019-08-28,140.2,A
741346069,3103718471,2019-08-28,25.7,B
3006440800,1738359350,2019-08-28,15.7,B
2029413212,182753106,2019-08-28,5.6,A
2345357201,3577042875,2019-08-28,30.0,B
968111463,458253749,2019-08-25,15.2,B
2994467711,1236388112,2019-08-25,20.8,B
4006427057,612505725,2019-08-25,20.2,A
3745550734,1703949673,2019-08-25,125.1,B
3784129239,2652835245,2019-08-25,10.4,A
2714235110,1046398313,2019-08-25,235.9,A
2216192667,834731816,2019-08-25,640.7,B
310029418,2468974761,2019-08-25,35.6,B
1282317468,2254875182,2019-08-03,15.7,A
1676080802,910107897,2019-08-03,15.6,A
1612463967,3891384992,2019-08-03,95.3,A
2161369048,130417038,2019-08-03,25.5,A
194489498,1154728414,2019-08-03,20.8,A
1407273155,2703178540,2019-08-03,25.4,A
4143214054,1869662856,2019-08-03,70.2,A
2337370869,2016864191,2019-08-03,10.5,A
1407575382,1097629811,2019-08-24,45.4,B
3959809807,1421513677,2019-08-24,95.3,B
4147554249,2301937222,2019-08-24,10.2,A
3147672292,2492519473,2019-08-24,40.7,A
393610987,2700670803,2019-08-24,30.6,A
2106647175,2643391466,2019-08-24,80.4,A
562977028,233773277,2019-08-24,105.6,B
2476095168,1604176421,2019-08-28,80.9,A
1623176798,749837663,2019-08-28,235.3,A
3503087376,1917506191,2019-08-28,140.7,A
615966907,3717692402,2019-08-28,15.0,B
4027963553,1893387602,2019-08-06,140.2,B
2400978083,4181076848,2019-08-06,260.0,B
1552043751,109615108,2019-08-06,35.7,A
2096847394,4251115836,2019-08-19,40.5,B
1745032218,1772171838,2019-08-19,25.5,A
4288552432,2971471657,2019-08-19,10.8,A
2037051350,1957949546,2019-08-19,260.0,A
1033377712,3860669668,2019-08-19,65.4,B
3268879337,2536252163,2019-08-19,310.1,B
4041036714,978473912,2019-08-24,195.8,B
857639553,2044997962,2019-08-24,40.1,A
1205865656,3371277047,2019-08-24,80.6,B
1139821076,2488182306,2019-08-24,10.0,B
4140190337,249864742,2019-08-24,10.5,B
1134284616,3430457488,2019-08-24,260.6,A
1863281703,1959144690,2019-08-25,255.5,A
1400686638,181166394,2019-08-25,75.5,A
42506358,535857429,2019-08-25,55.1,B
1964998089,2618159035,2019-08-25,85.3,A
3631538224,1622301731,2019-08-25,255.4,B
1177690313,2458001652,2019-08-25,40.7,B
3645205514,716514914,2019-08-25,5.8,B
1794917688,252987601,2019-08-03,40.1,A
3533599275,4018812886,2019-08-03,25.9,B
318597867,3104896602,2019-08-03,80.6,A
2812811922,858552794,2019-08-03,25.5,A
1802431162,3127757912,2019-08-03,325.9,A
1441625969,3353177029,2019-08-03,25.3,A
1233825013,3160828523,2019-08-03,90.2,A
444963271,866305447,2019-08-03,65.7,A
2415738512,2038680547,2019-08-25,5.2,A
2213813903,2378935119,2019-08-25,330.5,B
3796325351,4281247801,2019-08-25,45.6,B
3384227820,2582702340,2019-08-25,20.3,B
3025669476,3237158392,2019-08-28,195.1,A
2552819381,678354126,2019-08-28,15.5,A
3646798055,709955468,2019-08-28,155.7,B
2956594374,3260527149,2019-08-28,15.6,B
2084190534,3673190339,2019-08-28,60.8,A
1853288890,4171878080,2019-08-28,155.7,B
2061627240,1402025725,2019-08-28,90.5,A
2641583134,3469608676,2019-08-28,300.0,A
371848868,1294878855,2019-08-28,50.4,B
2890964573,3704741858,2019-08-28,10.1,B
2052514069,1995481842,2019-08-28,5.1,B
2160002122,619764962,2019-08-03,15.4,B
1441855393,1404934699,2019-08-03,420.1,B
2961045922,2696039803,2019-08-03,155.7,B
3252142918,1832798996,2019-08-03,220.2,A
822092266,4186744110,2019-08-03,10.8,B
2399678258,3741503045,2019-08-03,15.0,B
1696190144,1687240555,2019-08-06,385.7,B
2100491088,1147554328,2019-08-06,20.2,B
947776467,659580242,2019-08-06,70.2,B
2505918657,2524310328,2019-08-06,5.2,B
1825231501,2587333274,2019-08-06,140.5,B
3878473215,2210805728,2019-08-06,10.2,B
2470267229,2274825520,2019-08-06,10.8,A
3322807521,4109358064,2019-08-06,15.5,A
884458775,1831227158,2019-08-06,30.0,B
2788225284,1606766439,2019-08-06,580.7,B
3765974140,1357170471,2019-08-19,490.4,A
181836088,3528043184,2019-08-19,150.0,A
4161654914,990904712,2019-08-19,175.1,B
2609443403,2406916810,2019-08-19,10.2,B
590470918,1920142716,2019-08-19,19920.4,B
19467429,2397843657,2019-08-19,45.5,B
3019510679,2397843657,2019-08-19,25.5,B
791532781,4079050915,2019-08-19,80.8,A
2436528253,1060341621,2019-08-19,20.9,B
1168756094,3202540741,2019-08-24,50.5,A
578479971,707833925,2019-08-24,275.5,B
1061451265,3202540741,2019-08-24,85.8,B
3312757456,994339272,2019-08-24,90.8,A
1215410543,3994425631,2019-08-25,25.2,B
2430683444,2378935119,2019-08-28,315.6,B
3381429285,1890645762,2019-08-28,170.0,A
2291372207,2968526225,2019-08-28,35.8,B
2287457662,194969263,2019-08-28,35.7,B
1371922580,2452603128,2019-08-28,5.6,B
3838148156,850320739,2019-08-28,35.8,B
2396420873,2171487014,2019-08-03,50.5,B
1228436647,872679699,2019-08-03,10.5,B
2466620500,1388838483,2019-08-03,115.3,B
3751930031,3909304777,2019-08-03,285.1,B
2656017279,2288159513,2019-08-03,10.0,A
455568416,1414758703,2019-08-03,105.7,A
1679400779,600572117,2019-08-03,45.5,B
35929812,2168467118,2019-08-03,50.7,A
416170089,3146597820,2019-08-03,100.1,A
1750160666,1333886533,2019-08-06,25.5,A
1658608862,3985807412,2019-08-06,10.5,A
3367644853,2307676173,2019-08-06,85.1,B
3075639014,351125977,2019-08-06,70.0,A
3755354294,2458001652,2019-08-06,115.1,B
2781850870,2954449915,2019-08-06,50.2,B
543654048,2458001652,2019-08-06,25.9,A
1442150543,1333058479,2019-08-06,50.6,B
1565422415,191870721,2019-08-06,20.8,B
863448794,2738601405,2019-08-19,5.8,B
141445646,3017378493,2019-08-19,50.1,A
2683113224,154576532,2019-08-19,410.5,B
2661837070,3819243527,2019-08-19,145.0,A
4170537404,290022471,2019-08-19,255.5,B
2854869852,586100578,2019-08-26,30.5,B
1490093586,1404560065,2019-08-26,155.8,B
3900869207,656974993,2019-08-26,45.7,B
1184338948,3254689071,2019-08-26,10.2,B
4182212811,3663170795,2019-08-03,25.9,B
3435237349,3342201840,2019-08-03,140.3,B
2234122314,3310105714,2019-08-03,140.1,B
798048333,3462462738,2019-08-03,40.3,A
4169633550,1858007013,2019-08-03,35.6,B
3224706027,2378935119,2019-08-28,70.8,B
2004946059,1637811943,2019-08-28,20.4,B
2013919907,2928315504,2019-08-28,10.4,B
457171476,1377447894,2019-08-28,5.6,B
2939332152,3245907439,2019-08-24,300.6,B
469964133,537599508,2019-08-24,215.8,A
1651227034,2927087541,2019-08-24,35.7,B
1954636284,2600415354,2019-08-06,25.5,B
2419903539,3177790019,2019-08-06,475.5,B
1715714627,495712671,2019-08-06,30.5,A
2280027650,2458001652,2019-08-06,105.8,B
2631228632,1772171838,2019-08-06,100.3,A
858446481,517094627,2019-08-19,10.0,A
752294429,2758621772,2019-08-19,20.4,B
2786000406,2744017357,2019-08-19,25.9,A
2882003943,3212572194,2019-08-19,30.4,A
3245585636,938079215,2019-08-26,175.3,B
1048853344,3724732821,2019-08-26,310.2,B
298049448,3013339133,2019-08-26,45.9,B
3330749678,3367493247,2019-08-26,140.7,B
128480032,3504688413,2019-08-26,135.1,A
1207030791,2700013943,2019-08-26,35.5,B
1641863009,3937582421,2019-08-26,160.8,A
2825038272,3951559397,2019-08-29,480.8,B
246848596,3951559397,2019-08-29,40.3,A
2596511168,2370420350,2019-08-04,40.3,B
2122398532,1937307986,2019-08-04,150.4,A
635407424,85103373,2019-08-04,20.8,A
50573571,152397976,2019-08-04,10.5,B
735672072,3371539723,2019-08-24,5.9,A
2717892024,865916592,2019-08-24,20.2,A
2541233311,4027578749,2019-08-25,40.8,A
3896562897,3628338328,2019-08-06,40.2,B
438781793,1159489312,2019-08-06,130.9,A
4067849009,2108163459,2019-08-06,10.9,A
2012347492,2572275626,2019-08-06,85.3,B
3913205113,4006260374,2019-08-06,50.3,B
2092376102,1879028067,2019-08-06,30.4,B
1393848137,3874092616,2019-08-06,270.4,B
2744208512,4109358064,2019-08-06,75.5,A
3944922068,1474473704,2019-08-06,110.6,B
2765468571,4038883307,2019-08-06,90.5,A
1472783002,1617417821,2019-08-26,30.0,A
3754751399,2044997962,2019-08-26,95.7,B
582361359,2044997962,2019-08-26,20.2,B
1765769688,1744796792,2019-08-26,50.3,A
4152028361,352377175,2019-08-26,10.0,A
2773724620,1802957007,2019-08-26,15.4,B
641338041,623318263,2019-08-26,165.6,B
815003794,1303698307,2019-08-26,55.2,B
1739748874,522292794,2019-08-19,80.1,B
3487214061,2776274025,2019-08-19,105.4,A
3031564664,393266494,2019-08-19,335.5,A
1654949825,1335154194,2019-08-19,10.7,B
1570513684,2837914161,2019-08-19,515.9,B
1543948528,492739583,2019-08-19,15.5,A
90109939,2075769885,2019-08-19,55.2,B
3970235543,2912540959,2019-08-19,680.8,A
4016435970,4017075195,2019-08-19,210.0,A
1973794357,1698039057,2019-08-29,155.8,A
3660038601,1463715810,2019-08-29,15.7,B
3311675826,3116822707,2019-08-29,70.2,A
3061324106,3972127743,2019-08-04,130.2,B
3925488023,3984495233,2019-08-04,315.1,A
384670583,1247895435,2019-08-04,10.0,A
1703637902,4251087345,2019-08-04,80.1,B
1187625359,3362039251,2019-08-20,100.2,B
1084293954,2069923923,2019-08-20,20.8,A
2425764900,3713138051,2019-08-20,40.2,B
3049238571,2710478747,2019-08-20,165.3,A
3678943889,417213830,2019-08-29,100.7,A
3831358676,2139465532,2019-08-29,185.2,B
2172704731,2042457747,2019-08-29,280.8,B
2866469834,3917749921,2019-08-29,65.8,B
2912128786,2030837847,2019-08-29,390.8,B
430186476,2780786433,2019-08-29,25.3,A
4243941421,1367935136,2019-08-29,550.9,A
3894221956,3584855583,2019-08-29,150.0,B
323958042,1010866419,2019-08-06,425.9,B
151437276,3908431265,2019-08-06,25.2,A
1926996770,3908431265,2019-08-06,30.5,A
3986425716,3908431265,2019-08-06,15.7,A
1747904063,4144343220,2019-08-06,70.2,A
571224785,3941503500,2019-08-06,80.8,B
2489491772,856264494,2019-08-06,60.2,B
3621273697,3941503500,2019-08-06,80.8,B
2888367978,1052142804,2019-08-06,15.7,A
3772248562,3075705514,2019-08-26,25.5,B
3241914033,3957174400,2019-08-26,40.2,B
2243349176,1452540367,2019-08-26,510.5,A
922638597,935349363,2019-08-26,550.9,B
3649785329,1341752722,2019-08-26,20.2,B
1910474662,3661375494,2019-08-26,40.2,B
3600573749,3928949490,2019-08-26,90.1,A
2952636658,56960363,2019-08-09,25.9,B
4021746511,113298937,2019-08-09,425.6,B
4226156350,3660225571,2019-08-09,30.1,A
1867784682,2247666522,2019-08-04,485.3,B
1079956648,4087542339,2019-08-04,10.5,A
4084175636,2430786771,2019-08-04,35.6,A
1887336629,6958315,2019-08-04,25.9,B
3394575003,2025197455,2019-08-04,5.6,B
212815314,2054014923,2019-08-04,85.8,A
2724331495,4279090005,2019-08-04,105.3,B
3932236947,2038680547,2019-08-04,45.1,B
1570911533,2038680547,2019-08-04,25.5,A
1634400895,3540744920,2019-08-04,55.8,A
4060991953,3719891787,2019-08-07,300.3,A
3247488765,1588775363,2019-08-07,90.1,B
1407752954,1555770826,2019-08-29,30.0,A
3167192434,3379260072,2019-08-20,10.3,B
1126146019,2705308997,2019-08-20,5.8,A
3301293313,1151477821,2019-08-20,65.7,B
1774899068,274717519,2019-08-20,55.7,A
1482923642,666694713,2019-08-20,20.8,B
3700356838,4256040402,2019-08-20,275.5,A
2476870871,916684595,2019-08-20,90.3,B
3702128013,237748145,2019-08-20,20.8,A
1601158430,990849616,2019-08-20,55.6,B
1661608904,199874245,2019-08-20,5.7,A
3430893515,1831375989,2019-08-26,35.4,A
2205947780,1049627981,2019-08-26,165.3,A
629969501,3935952912,2019-08-26,75.2,B
3352388207,1938138695,2019-08-26,200.3,A
831316805,3511617963,2019-08-26,125.0,B
2339908130,1485964287,2019-08-26,50.5,A
3627506669,3177606451,2019-08-09,45.7,A
160345536,2445878741,2019-08-09,10.6,B
3126152734,702994395,2019-08-09,15.4,B
2356264591,1224903511,2019-08-09,5.1,A
11068804,3166175118,2019-08-09,75.7,B
3608171161,3637027427,2019-08-04,220.2,A
1215730747,2038680547,2019-08-04,40.1,A
4007826947,3891541246,2019-08-04,10.4,B
3384575290,456417264,2019-08-04,30.5,B
2672742956,2025197455,2019-08-04,195.1,B
332633624,3891541246,2019-08-04,80.2,A
2461347779,4223733735,2019-08-04,45.5,A
1244084011,2458001652,2019-08-04,10.2,A
2252458552,2036584322,2019-08-04,30.8,B
4071177889,3931967268,2019-08-07,830.3,B
1172658283,671625855,2019-08-07,185.5,B
2707614072,2248249182,2019-08-07,30.5,A
3184248123,3616659553,2019-08-07,35.6,A
2150972893,1229532929,2019-08-07,110.5,A
1532137447,1378148355,2019-08-07,20.3,A
50225499,869044563,2019-08-29,280.8,A
3108623697,117599621,2019-08-29,20.8,B
380504587,1831140265,2019-08-29,410.5,A
2148936881,654930236,2019-08-29,300.6,B
1576403126,3956892867,2019-08-29,45.1,A
1666104258,2038680547,2019-08-29,40.2,B
19446369,2666467773,2019-08-29,55.2,B
3022667018,3935952912,2019-08-29,30.1,B
4212256267,4120364173,2019-08-29,615.3,A
1483298733,2201480904,2019-08-29,10.2,B
2143803288,442260868,2019-08-29,200.8,A
1329556473,2626290177,2019-08-20,400.3,B
3448552908,960782649,2019-08-20,295.2,A
2516233682,1069983096,2019-08-20,60.9,A
4077952433,178249104,2019-08-20,265.8,A
1578727547,793112967,2019-08-09,280.1,A
2067529988,4014197579,2019-08-09,160.7,A
3560142722,2531836666,2019-08-09,80.8,B
1869578588,195530970,2019-08-09,265.0,B
2184241291,2399568665,2019-08-09,50.8,B
3047865341,2461709734,2019-08-04,80.8,B
3730164576,1476741193,2019-08-04,240.2,B
4016803793,366673373,2019-08-04,5.7,A
369801982,954785863,2019-08-04,155.8,B
2591976620,2999778091,2019-08-26,215.2,B
3664867609,1476256851,2019-08-26,25.5,A
1328714350,3133484003,2019-08-26,140.6,A
3796946799,4095180727,2019-08-26,75.1,A
2180201337,1728743776,2019-08-26,150.0,B
1646402801,382846391,2019-08-26,675.2,A
3544621373,621427706,2019-08-07,300.3,B
1314703772,2396121427,2019-08-07,30.4,A
2782494067,4166660304,2019-08-07,5.4,B
3720572478,1577719542,2019-08-07,65.5,B
2107411712,2819363575,2019-08-07,25.5,B
2178722073,816783716,2019-08-07,535.5,B
3659622247,4224378620,2019-08-07,170.6,B
380685964,643335272,2019-08-07,10.0,B
2081053731,3572819427,2019-08-26,110.1,A
1988035100,1016890234,2019-08-26,280.8,B
3615982016,4194288377,2019-08-26,75.3,B
1381001911,907970812,2019-08-04,35.2,A
1415191499,3636663279,2019-08-04,45.4,B
1811671147,4266935830,2019-08-29,1220.2,A
2612401984,2393492379,2019-08-29,40.8,A
2280802660,2412366830,2019-08-29,75.0,B
452710654,3072399624,2019-08-29,170.9,A
2547759316,2803209166,2019-08-29,20.2,A
2380347282,430948481,2019-08-29,10.5,A
3207473498,2663297422,2019-08-29,45.5,A
165288431,2162698752,2019-08-29,265.4,A
1096121493,1722729964,2019-08-29,10.5,B
3924423491,280073872,2019-08-09,15.1,B
3667885894,1230306981,2019-08-09,105.7,A
2627773869,4231233292,2019-08-09,160.3,B
1748608673,1230306981,2019-08-09,100.5,B
2658936877,1230306981,2019-08-09,100.1,B
278311817,1230306981,2019-08-09,30.0,A
2348589867,1294878855,2019-08-09,425.4,A
3614621763,3977396102,2019-08-20,30.0,B
3879539725,3953983768,2019-08-20,35.5,B
2083889130,4176813035,2019-08-20,30.8,B
3185013805,4037118491,2019-08-20,280.8,B
1216533772,4266935830,2019-08-29,1220.2,B
653973461,2231749745,2019-08-29,10.3,A
3964942202,358944393,2019-08-29,660.5,A
2972137054,1614305549,2019-08-29,150.9,B
1573514293,3148168974,2019-08-29,80.2,B
2663041816,1614305549,2019-08-29,25.5,A
511953429,1333886533,2019-08-29,50.4,B
3837794863,243620413,2019-08-29,10.3,B
3455399567,3141507731,2019-08-30,280.8,B
3589879928,1565607587,2019-08-09,60.6,B
3586870909,2458001652,2019-08-09,85.4,B
3244441077,3803269165,2019-08-09,10.1,B
3165578945,1253818784,2019-08-09,145.9,B
2235924775,473299164,2019-08-09,90.9,B
198999602,3659263677,2019-08-09,40.8,A
1612868255,2378935119,2019-08-09,475.5,B
429858801,3984495233,2019-08-05,225.0,A
3606446640,2378092656,2019-08-05,15.7,B
2472751116,2328791559,2019-08-07,35.8,B
4082166396,2046011647,2019-08-07,20.3,A
1936881098,3607649875,2019-08-07,40.3,A
4293855558,8300375,2019-08-07,30.5,A
1185885568,759473111,2019-08-07,305.3,A
2541328114,1426761187,2019-08-07,180.8,A
2845314954,2663984869,2019-08-07,60.2,B
2741495374,1667068825,2019-08-07,65.3,B
3256245027,993094131,2019-08-07,25.5,B
514501382,950626008,2019-08-07,710.8,A
619615697,582460750,2019-08-20,165.3,B
672040400,723038324,2019-08-20,50.9,B
3805806808,3866069709,2019-08-20,40.8,B
2699289722,862992587,2019-08-20,10.2,B
175321713,2138109167,2019-08-20,5.5,B
2961490189,1404560065,2019-08-27,275.7,B
972407388,237748145,2019-08-27,10.2,A
1946569610,3693438260,2019-08-27,60.2,A
3232411764,2357168171,2019-08-27,380.1,A
1676073049,2696599598,2019-08-05,15.6,A
3901964025,296565978,2019-08-05,10.0,A
390467479,2546716293,2019-08-05,30.8,A
3517061727,4062055840,2019-08-05,110.5,A
2023295336,4009017467,2019-08-05,440.2,B
2700709852,2561350211,2019-08-05,50.5,A
2309447140,2913441496,2019-08-07,25.9,B
3163082555,906523562,2019-08-07,50.1,A
3959083601,2458001652,2019-08-07,270.4,A
1416727054,3357398384,2019-08-07,455.8,B
2667448076,2587333274,2019-08-07,95.9,B
3335803766,477780734,2019-08-30,115.3,A
3568733367,1206072200,2019-08-30,40.8,B
132561921,477780734,2019-08-30,60.2,B
3782700345,2395035985,2019-08-30,80.8,B
4143391178,1373713654,2019-08-30,155.5,B
3328555363,406208401,2019-08-09,55.3,B
2524994153,2605843205,2019-08-09,225.9,A
1061639574,2195309755,2019-08-09,50.5,B
4228929090,2819072957,2019-08-09,20.7,B
2541955961,1230306981,2019-08-09,160.0,A
405281389,2108163459,2019-08-09,10.9,A
2142284513,1438226485,2019-08-09,55.6,B
1113045957,3323129950,2019-08-09,225.9,A
3603576309,4133034833,2019-08-09,1050.0,A
3668308183,888512513,2019-08-27,1335.6,B
648682471,2633052872,2019-08-27,80.4,A
1589082866,3321013705,2019-08-27,765.5,A
1237221075,3304571422,2019-08-27,15.7,B
434147256,2396134342,2019-08-20,15.6,B
2419950278,509080881,2019-08-20,300.3,B
3133733765,1255412427,2019-08-20,50.8,A
348143148,689129267,2019-08-20,575.5,B
237002862,1398592185,2019-08-20,10.0,A
2271171213,2162167602,2019-08-21,305.5,B
860384268,2316833558,2019-08-30,40.7,B
1234615529,2279926127,2019-08-30,705.3,B
125335873,3423937755,2019-08-30,5.8,B
461722689,2988190573,2019-08-30,385.5,A
416093091,447836349,2019-08-09,30.7,B
1530631615,1544467991,2019-08-09,20.0,A
2139039614,1455323168,2019-08-09,20.8,B
1109375840,2924874435,2019-08-07,20.2,A
3047372556,171459513,2019-08-07,90.5,B
2489555571,1395236619,2019-08-07,150.1,B
2176732109,705680638,2019-08-07,20.7,A
1457259561,2421265884,2019-08-07,20.2,B
178265899,433951253,2019-08-07,85.5,B
1278695805,1614305549,2019-08-21,15.5,A
2102403691,2213855729,2019-08-21,40.2,B
3257317835,1224575308,2019-08-21,10.1,A
1907905097,3906435972,2019-08-05,30.8,B
1670357589,1774856294,2019-08-05,25.5,B
2309036559,2908466434,2019-08-05,30.2,B
957249987,2666068032,2019-08-05,145.0,A
2049400530,2429822128,2019-08-05,40.2,A
1157343706,589808731,2019-08-27,10.0,A
1092669520,600964629,2019-08-27,15.9,A
3784111282,329473477,2019-08-27,195.2,A
2726404029,1602967004,2019-08-27,75.9,B
408812103,2486521341,2019-08-27,55.5,A
1311251665,264456202,2019-08-27,15.1,B
936042206,1617417821,2019-08-27,125.4,A
2339954598,1668030113,2019-08-27,40.0,A
189332332,1959144690,2019-08-27,255.5,B
1183827418,3573155649,2019-08-07,80.8,B
3502192780,683554837,2019-08-07,60.5,B
1507038921,1011231197,2019-08-07,50.1,A
1348929396,2698944478,2019-08-07,15.8,A
2430984474,2467439671,2019-08-07,60.8,B
202241000,3062077384,2019-08-08,35.7,B
3455897155,2065143173,2019-08-30,10.4,A
3525952977,2888793654,2019-08-30,215.8,A
4178616791,3016218652,2019-08-30,20.2,B
4080243878,2988190573,2019-08-30,315.2,A
2090708381,1197773061,2019-08-10,25.5,B
4230875336,2669052850,2019-08-10,40.7,B
777722931,3907107900,2019-08-05,20.3,B
1595002579,2744017357,2019-08-05,85.0,A
2291957725,2188683977,2019-08-05,90.0,A
724544405,2572433473,2019-08-05,40.5,B
2017680897,399216493,2019-08-05,30.2,A
504373597,2604012846,2019-08-05,15.7,B
2875229767,1627549308,2019-08-05,10.0,B
1988916037,3187581794,2019-08-05,80.4,B
4167421281,154825609,2019-08-05,65.8,B
2726113349,1801183820,2019-08-05,5.5,B
1361424159,3033962131,2019-08-05,15.7,A
2740953457,3102053760,2019-08-05,20.2,A
2344401705,366673373,2019-08-05,25.5,A
3362484972,3717692402,2019-08-21,40.9,A
290471249,2041539477,2019-08-21,125.6,A
3278896715,3451176495,2019-08-21,25.7,A
663375979,1508900659,2019-08-21,15.6,A
1605437540,3012531415,2019-08-21,100.0,A
1759418862,4186807279,2019-08-21,290.5,B
1722971027,1786280350,2019-08-21,5.8,B
3585957438,3229395114,2019-08-21,125.9,A
1460586653,4213333413,2019-08-21,5.3,A
3069553209,1351898488,2019-08-21,75.8,A
380064637,4186807279,2019-08-27,215.4,B
767912658,1667360450,2019-08-27,5.9,B
3303424591,645425477,2019-08-27,280.8,A
3900298739,1539796403,2019-08-27,40.2,A
2971973105,199603092,2019-08-27,45.9,A
3086067579,277405052,2019-08-27,310.5,A
446569841,1471458381,2019-08-27,5.7,B
142712712,1397211727,2019-08-30,20.8,B
3987401232,627176112,2019-08-30,110.5,A
1029192242,570540961,2019-08-30,45.4,B
2514024187,3766097110,2019-08-30,20.1,A
217480737,2846507753,2019-08-30,20.2,B
2851407406,368204224,2019-08-30,5.9,B
2470658885,3766097110,2019-08-30,10.5,B
1636454846,4237561104,2019-08-30,10.1,A
3854129892,625115313,2019-08-10,150.4,B
3279015842,888420622,2019-08-08,240.2,A
2909182252,3720590235,2019-08-08,55.5,A
769008348,583433650,2019-08-08,90.8,B
1607016207,3717692402,2019-08-21,65.2,B
2368020497,2870367609,2019-08-21,25.7,B
234238251,2742574263,2019-08-21,150.4,B
3730368751,1669393038,2019-08-21,160.5,B
2076434956,3941795274,2019-08-21,20.2,A
3536751509,3722970464,2019-08-05,20.2,B
3734714128,471551937,2019-08-05,355.1,A
3809397218,3263046761,2019-08-05,20.2,A
4256972642,3281496343,2019-08-05,35.6,A
3406907886,2082081961,2019-08-05,20.3,A
1063646926,102981183,2019-08-05,225.9,B
373945924,3785537730,2019-08-05,40.2,B
3834417582,4205543768,2019-08-05,45.1,B
986374747,949750571,2019-08-27,10.1,A
8131427,3587733103,2019-08-27,75.5,A
262925486,2772153338,2019-08-27,35.8,A
2865895399,1732269954,2019-08-27,15.7,A
3483580157,2580341989,2019-08-27,285.1,A
2318242783,1634934899,2019-08-27,15.8,B
847315305,2780786433,2019-08-27,10.3,B
192721366,1316129916,2019-08-27,1450.2,A
549358396,3792964032,2019-08-10,50.7,A
1369044083,1826431635,2019-08-30,140.7,B
2229298010,1738359350,2019-08-30,35.8,B
4203085435,980818195,2019-08-30,110.4,A
1408156385,2217984702,2019-08-30,15.2,A
1273552286,3993040832,2019-08-30,195.5,B
549769193,1420364840,2019-08-30,80.7,B
707525727,1270030113,2019-08-30,55.6,B
1538887006,3372131337,2019-08-30,555.2,B
3949629544,3042692891,2019-08-08,70.1,B
511011368,1981624632,2019-08-08,100.2,A
4166735432,285030828,2019-08-08,280.8,A
4244481880,4037043590,2019-08-08,20.4,B
2000852429,2445531802,2019-08-08,15.7,A
2519737434,4256040402,2019-08-08,900.7,B
3636437832,3736558232,2019-08-08,25.5,B
2367795708,1554533732,2019-08-08,60.5,B
2599120403,1596970166,2019-08-08,55.8,B
1319904784,1274716998,2019-08-08,25.4,B
3315359627,1831956319,2019-08-05,5.4,A
1197739160,1801183820,2019-08-05,10.0,A
3466109212,1713857373,2019-08-05,220.2,B
1845245000,1507665514,2019-08-05,25.6,A
1477976259,3870317023,2019-08-05,50.1,B
2412219836,2458001652,2019-08-05,40.2,B
894865132,1557781683,2019-08-05,25.8,B
335158381,947532470,2019-08-05,85.2,A
51443164,4278982564,2019-08-05,385.7,A
383287370,407706407,2019-08-05,30.6,B
4103220998,3979054828,2019-08-05,50.0,A
3586326620,1630618580,2019-08-05,10.9,B
1192185169,2853587382,2019-08-21,475.5,B
3608152685,3796654595,2019-08-21,60.5,B
69312188,1009464434,2019-08-21,180.0,A
3390166538,329726006,2019-08-21,65.4,A
559859702,3149228032,2019-08-21,10.2,A
1646874005,2306096143,2019-08-21,210.4,A
4100162122,2736682487,2019-08-21,25.9,A
374969414,3877129255,2019-08-21,325.9,A
1035705992,1396482013,2019-08-21,270.2,B
2159858322,2283224496,2019-08-27,35.5,A
3922986948,1316129916,2019-08-27,15.8,B
3402467119,4256040402,2019-08-27,30.1,A
1243954217,467975735,2019-08-27,5.5,A
2859293852,3647477940,2019-08-27,35.2,B
305846010,1677041464,2019-08-27,10.5,A
2120503539,3239199975,2019-08-27,10.8,B
3910266759,789265206,2019-08-10,40.8,A
1992809750,1775276630,2019-08-30,300.2,B
3352225027,1807547430,2019-08-05,5.2,B
1062393,2661240577,2019-08-05,100.8,A
1612010084,2008082479,2019-08-08,40.2,B
4013545461,2614516882,2019-08-08,30.0,B
437876380,39475350,2019-08-08,65.4,B
4132628207,2604694259,2019-08-08,25.4,B
2792059099,1602967004,2019-08-08,65.2,A
3675491906,3097512534,2019-08-08,20.2,B
527333943,2458001652,2019-08-08,85.4,B
1594277506,835577924,2019-08-08,400.8,B
3839104003,2108163459,2019-08-08,15.6,A
3068877425,2650211599,2019-08-21,205.1,A
3057892078,249864742,2019-08-21,90.1,B
3102219893,151496413,2019-08-21,10.4,A
4223601037,1611907877,2019-08-10,35.6,B
1763788632,3893674369,2019-08-10,75.2,B
3778001764,47206413,2019-08-10,15.2,B
3817119382,2840985286,2019-08-10,540.3,A
884109530,1909539331,2019-08-30,55.8,A
31060183,710690947,2019-08-30,15.4,B
2894657060,204675465,2019-08-30,510.5,B
926804035,634450378,2019-08-30,10.8,B
3682739914,3910723394,2019-08-31,300.8,B
2575492995,4144979507,2019-08-27,10.5,A
4149397657,2902041511,2019-08-27,15.1,A
3760662696,3577713868,2019-08-27,5.9,B
1537104566,1782658204,2019-08-27,25.5,B
1399322126,1184607010,2019-08-27,115.7,A
936917445,393266494,2019-08-08,35.7,B
3628490752,284094220,2019-08-08,20.8,B
1575313118,3717692402,2019-08-08,25.7,B
3873503306,3101956850,2019-08-08,65.2,A
2420050534,4003628586,2019-08-08,905.8,B
2497497433,1830803815,2019-08-08,15.3,B
2518211204,3077396270,2019-08-08,115.4,B
1215018444,2406897935,2019-08-08,285.3,B
154338469,3941600282,2019-08-08,285.0,A
1364984427,2010516786,2019-08-21,240.2,B
210558688,2733145037,2019-08-21,55.2,A
2128508695,2733145037,2019-08-21,105.5,A
3462663151,2158146269,2019-08-21,70.9,A
1347999392,887908475,2019-08-21,930.0,A
627172106,3074968175,2019-08-21,375.6,B
965979600,48147722,2019-08-22,20.8,B
3187348360,1596446524,2019-08-28,35.8,A
2932932798,3694317332,2019-08-28,140.2,B
3831307789,3185203440,2019-08-28,20.8,B
3143300221,4134830387,2019-08-28,40.1,B
3122496224,3255082731,2019-08-31,20.3,B
3759988715,1762249948,2019-08-31,80.5,B
1207636128,3640080856,2019-08-31,55.2,A
3027277658,2973964255,2019-08-31,30.5,B
2012277167,2999642019,2019-08-10,445.3,B
401622769,635956745,2019-08-10,175.1,A
3024416906,530257481,2019-08-10,300.3,B
3088760849,259989552,2019-08-10,30.5,B
3018088287,3600436937,2019-08-10,30.6,B
271768864,2440451175,2019-08-10,95.8,A
914877599,1174537443,2019-08-10,10.0,A
1126236755,4228915420,2019-08-10,40.1,B
2762748803,856349446,2019-08-08,40.2,B
1105761923,996668426,2019-08-08,40.1,A
3478707774,2587333274,2019-08-08,60.4,A
4042759961,3686264987,2019-08-08,10.7,B
2419539947,2587333274,2019-08-08,60.4,B
698171827,3941795274,2019-08-22,25.3,B
836739159,4283872382,2019-08-22,60.6,B
3492564891,228221722,2019-08-22,190.8,B
260086319,2156256996,2019-08-22,45.7,B
3457754169,3752369942,2019-08-22,15.9,B
123992977,406208401,2019-08-22,45.6,B
2785716100,2084876480,2019-08-22,235.6,A
3759220283,3116161138,2019-08-22,5.9,A
702418073,3396460792,2019-08-10,10.8,A
3778147089,4243832526,2019-08-10,130.5,A
1428722141,2261102418,2019-08-10,30.0,B
3217433767,2637462286,2019-08-10,5.5,B
2689922045,3020644940,2019-08-10,85.5,A
218256919,91069833,2019-08-10,15.6,B
287313500,172218683,2019-08-10,25.2,B
1167684138,2895396501,2019-08-10,25.9,B
4035028498,721509856,2019-08-28,5.9,A
2600542600,683753316,2019-08-28,100.2,B
465243102,451104171,2019-08-28,5.8,B
3273938321,3857804666,2019-08-31,75.1,B
1476390797,2044161277,2019-08-31,25.3,B
2436452823,2710492161,2019-08-31,25.5,B
3465107905,2075883701,2019-08-31,45.2,B
1998112401,1900893596,2019-08-31,5.5,A
1941116644,2373765141,2019-08-31,220.2,B
1001961505,803709563,2019-08-08,185.4,A
1811538381,4174346527,2019-08-08,30.5,A
635351875,2114962460,2019-08-08,65.4,A
2420262036,321150727,2019-08-08,20.2,A
3143229464,282188993,2019-08-08,20.2,B
2765619353,54447517,2019-08-08,5.0,A
1885465086,300249313,2019-08-10,20.5,A
2156491846,2592727107,2019-08-10,5.5,A
1861540412,2261934787,2019-08-10,815.8,A
3901196331,3077470899,2019-08-10,55.6,B
2316868256,2600415354,2019-08-31,45.9,A
2670069237,232979603,2019-08-31,45.6,B
2211880073,3612778094,2019-08-31,55.7,A
1634999519,4076480073,2019-08-31,270.4,A
3141224116,4216089391,2019-08-31,70.5,B
83566152,232979603,2019-08-31,5.9,A
3784371772,551106609,2019-08-31,155.8,A
4262851755,1294878855,2019-08-31,10.8,A
3229560351,427004138,2019-08-31,10.7,B
1729012139,3613900590,2019-08-31,205.1,A
1415970216,4256040402,2019-08-31,80.5,A
453824282,4256040402,2019-08-31,30.5,B
557323463,2361350105,2019-08-31,15.7,B
969750843,4120364173,2019-08-31,240.5,B
2411823395,3788724847,2019-08-31,45.2,A
2886170101,930758570,2019-08-31,105.7,B
3845118557,1964413493,2019-08-31,5.5,B
4180327962,2152549680,2019-08-31,55.4,A
853409662,1390677121,2019-08-31,290.5,B
429304275,3301980586,2019-08-10,10.5,A
4067377068,318152663,2019-08-10,20.3,B
469609643,2378935119,2019-08-10,900.7,A
1282920840,266115224,2019-08-10,45.9,B
1661772358,2378935119,2019-08-10,45.6,B
677472159,1111826046,2019-08-10,50.2,B
1338703051,962484204,2019-08-10,25.7,B
2640648270,2245562049,2019-08-10,185.5,B
2898835960,3972127743,2019-08-09,130.8,A
2890600501,1404934699,2019-08-09,130.3,B
4149581711,1555048873,2019-08-31,30.2,B
2983450240,1605520752,2019-08-31,435.5,B
1853671858,1859207151,2019-08-10,105.2,A
4036458680,2304039735,2019-08-10,290.5,A
3497987294,1212176445,2019-08-11,30.4,A
265631116,3656415546,2019-08-11,5.8,B
543733679,4100747010,2019-08-11,20.2,B
1814628689,1404934699,2019-08-11,135.9,A
1076322816,2219162270,2019-08-11,95.2,A
3533389249,410113592,2019-08-11,30.7,B
1266191879,4259830713,2019-08-11,50.1,A
4057562044,4134830387,2019-08-11,30.5,B
1514149551,2507107988,2019-08-11,50.1,A
3432950155,367176526,2019-08-11,60.5,B
2104773562,1612349123,2019-08-11,15.1,B
375844049,600884435,2019-08-11,225.9,B
55417546,3044645888,2019-08-11,10.1,A
1266977500,931669455,2019-08-11,55.2,B
1880179202,2463259495,2019-08-11,10.4,B
158295218,1576289054,2019-08-11,240.7,A
562221532,2138044356,2019-08-11,20.2,A
1674284750,2634105098,2019-08-11,265.4,B
1859123281,1835372109,2019-08-11,30.7,B
2518195580,4163850406,2019-08-11,140.7,A
1892286239,1388079388,2019-08-11,10.5,A
1817215137,2458001652,2019-08-11,130.4,A
842507644,3170292896,2019-08-11,20.3,B
606354126,3115684948,2019-08-11,285.3,A
1929420857,3359518621,2019-08-11,30.1,A
2241655654,3552142259,2019-08-11,90.5,B
3291040387,1263373242,2019-08-12,70.2,B
7210578,1495112755,2019-08-12,60.5,A
2375657872,3476822370,2019-08-12,35.7,A
1473132782,4069496402,2019-08-12,10.8,B
3348489190,3112126740,2019-08-12,120.3,A
3559692217,2306096143,2019-08-12,30.4,A
3460288289,2993711540,2019-08-12,190.9,A
3571123442,457167155,2019-08-12,20.7,B
4261512099,4178309188,2019-08-12,50.8,B
1223278263,3826874025,2019-08-12,135.0,A
4197437901,3062605572,2019-08-12,10.1,B
2352568886,1117202045,2019-08-12,10.2,B
4044267042,997945223,2019-08-12,145.1,A
3498400794,3419266314,2019-08-12,125.5,B
1181289994,3636615199,2019-08-12,135.2,A
2055901696,2944179391,2019-08-12,95.5,B
3870335394,1823887377,2019-08-12,20.0,A
4279408906,1002877908,2019-08-12,15.8,A
96707201,3319676739,2019-08-12,75.5,B
546817993,1310081088,2019-08-12,10.9,B
324171086,3590655705,2019-08-12,610.7,B
749851973,2882903413,2019-08-12,105.3,A
3237740112,1979878245,2019-08-12,75.7,A
3583790584,1122598516,2019-08-12,10.2,A
750632879,4256040402,2019-08-12,5.8,A
177293476,3770394574,2019-08-12,5.6,B
3894437543,276558944,2019-08-12,80.7,A
1746771340,1768898981,2019-08-12,70.2,B
2774755101,2366521417,2019-08-12,220.4,B
3075787818,3062433592,2019-08-12,505.7,B
3357467820,237748145,2019-08-12,10.2,A
1092419081,3062433592,2019-08-12,265.3,A
316924019,148427295,2019-08-12,1015.9,A
1671551244,3062433592,2019-08-12,50.7,B
980307483,3812442168,2019-08-12,15.2,B
1941707234,199603092,2019-08-12,100.0,A
1348774318,1164614297,2019-08-12,1025.8,A
3879664526,854695158,2019-08-12,25.7,B
2656764852,3942804483,2019-08-12,105.2,B
626262509,3791892006,2019-08-12,55.1,B
1024573057,1028756448,2019-08-12,5.5,A
2146400799,3857916904,2019-08-12,20.3,A
4215838417,399408949,2019-08-12,180.8,A
4213441143,2413071759,2019-08-12,30.1,B
2358087265,2115669947,2019-08-12,120.4,A
1149756812,1985475298,2019-08-12,5.5,B
3170885827,4038181899,2019-08-12,65.4,B
1567625736,470091460,2019-08-13,120.2,B
876779158,368679516,2019-08-13,45.6,B
518382936,3359706893,2019-08-13,15.7,A
3003595335,1810540789,2019-08-13,180.9,B
418108717,1985475298,2019-08-13,15.5,B
3198443301,3409596883,2019-08-13,45.3,A
70327311,179951984,2019-08-13,25.3,B
2023943756,1604853044,2019-08-13,435.7,A
3620682463,2654030115,2019-08-13,35.5,B
2712149372,3940815455,2019-08-13,30.3,B
86504917,3598591418,2019-08-13,105.3,A
4099032419,2749453459,2019-08-13,85.9,A
448493494,66685450,2019-08-13,125.9,A
457983912,2580397131,2019-08-13,55.2,B
264388722,1172166732,2019-08-13,20.2,B
2418682148,187589092,2019-08-13,280.0,A
2312704236,3221887237,2019-08-13,385.5,A
3545373252,2903830376,2019-08-13,65.2,B
4209564703,1795951456,2019-08-13,135.2,B
2645975327,1285103033,2019-08-13,85.7,B
2236120888,400358405,2019-08-13,40.6,B
453686528,2134820861,2019-08-13,295.7,A
666610489,1307669133,2019-08-13,1425.8,A
2183069967,759473111,2019-08-13,810.4,A
2974379446,3160565905,2019-08-13,25.2,A
837624130,755881835,2019-08-13,20.3,A
3513553494,583902904,2019-08-13,40.2,A
1801818165,2941133924,2019-08-13,5.6,B
3815014015,2606908679,2019-08-13,815.8,B
3551685910,2397025226,2019-08-13,15.0,B
3568767894,1964799739,2019-08-13,25.9,B
3768600702,3320079367,2019-08-13,80.4,B
1003122151,3085290658,2019-08-13,65.7,B
3591719830,201615765,2019-08-13,30.5,B
1292296903,1766557988,2019-08-13,15.7,B
1276399043,2987864213,2019-08-14,150.4,B
1722995581,2761566146,2019-08-14,25.4,A
4176325967,3622537133,2019-08-14,55.2,A
3800907028,2412305169,2019-08-14,20.3,A
2764584088,1562205279,2019-08-14,50.5,B
3096761411,1948974149,2019-08-14,50.9,A
2213775495,1484903144,2019-08-14,65.4,A
1254962016,2654030115,2019-08-14,35.5,A
3716304192,2695379936,2019-08-14,10.1,A
1784775498,3950806039,2019-08-14,10.7,A
29438557,1637811943,2019-08-14,55.4,B
290089453,1571986409,2019-08-14,55.5,B
2961555325,325179089,2019-08-14,20.9,B
1277417350,3963646447,2019-08-14,100.2,A
2357685128,818047933,2019-08-14,10.2,B
3053268562,3815257471,2019-08-14,145.1,B
2289555915,3963646447,2019-08-14,120.2,B
2676541142,471551937,2019-08-14,55.2,B
3757656646,4186807279,2019-08-14,80.8,A
2015722678,2223522147,2019-08-14,30.7,B
4281129020,906754117,2019-08-14,60.2,A
1876275626,1781647073,2019-08-14,25.4,A
2860596918,3803269165,2019-08-14,105.7,B
3898641900,3803269165,2019-08-14,15.2,B
3612788481,2712142231,2019-08-14,40.3,A
2927992070,1658204305,2019-08-14,20.8,A
1373388206,3717692402,2019-08-14,40.9,B
3213645392,2456230425,2019-08-14,50.5,B
3607552320,4169666863,2019-08-14,10.5,B
4052155355,2949041841,2019-08-14,5.9,A
339489775,1064078146,2019-08-14,20.3,A
1476831880,1422476412,2019-08-14,100.1,A
1303723408,3218863961,2019-08-14,390.5,B
2682156369,1668030113,2019-08-14,20.8,B
1458356232,963407295,2019-08-14,80.0,A
1329499668,2949041841,2019-08-14,160.7,B
948555526,2710193528,2019-08-14,15.2,A
2116724386,2146711261,2019-08-14,240.6,B
2274188238,132143192,2019-08-14,15.5,A
1692103379,1022829655,2019-08-14,5.7,A
4082620617,393266494,2019-08-14,490.4,B
38478481,1197745035,2019-08-14,135.3,B
3592955527,608641596,2019-08-14,255.7,B
2662137336,3733762160,2019-08-14,100.8,B
2203539145,370388673,2019-08-14,50.1,A
1807773912,573423106,2019-08-14,165.3,A
1947021204,1614305549,2019-08-14,5.5,A
3936777065,2108080724,2019-08-15,3120.1,B
